Ordinance No. 87, Series of 2024%TRUE
Ordinance No. 205, Series of 2025%TRUE
Ordinance No. 12, Series of 2023%TRUE
Ordinance No. 54, Series of 2026%TRUE
Ordinance No. 112, Series of 2027%TRUE
Ordinance No. 7, Series of 2022%TRUE
Ordinance No. 301, Series of 2028%TRUE
Ordinance No. 88, Series of 2023%TRUE
Ordinance No. 45, Series of 2024%TRUE
Ordinance No. 173, Series of 2026%TRUE
Ordinance No. 324, Series of 523%TRUE
Ordinance No. 234, Series of 322%TRUE
Ordinance No. 443, Series of 787%TRUE
Ordinance No. 199, Series of 478%TRUE
Ordinance No. 750, Series of 867%TRUE
Ordinance No. 512, Series of 219%TRUE
Ordinance No. 826, Series of 424%TRUE
Ordinance No. 301, Series of 699%TRUE
Ordinance No. 659, Series of 901%TRUE
Ordinance No. 77, Series of 139%TRUE
Ordinance No. 00, Series of 99%TRUE
Ordinance No. 205, Series of 1823.%TRUE
Ordinance No. 12, Series of 1536.%TRUE
Ordinance No. 54, Series of 1889.%TRUE
Ordinance No. 112, Series of 1912.%TRUE
Ordinance No. 7, Series of 1625.%TRUE
Ordinance No. 301, Series of 1978.%TRUE
Ordinance No. 88, Series of 1656.%TRUE
Ordinance No. 45, Series of 1790.%TRUE
Ordinance No. 173, Series of 1872.%TRUE
Ordinance No. 567, Series of 1847,%TRUE
Ordinance No. 242, Series of 1501,%TRUE
Ordinance No. 435, Series of 1672,%TRUE
Ordinance No. 811, Series of 1623,%TRUE
Ordinance No. 68, Series of 1799,%TRUE
Ordinance No. 253, Series of 1915,%TRUE
Ordinance No. 96, Series of 1732,%TRUE
Ordinance No. 346, Series of 1845,%TRUE
Ordinance No. 702, Series of 1944,%TRUE
Ordinance No. 527, Series of 1969,%TRUE
Ordinance No. 963 Series of 506%TRUE
Ordinance No. 627 Series of 631%TRUE
Ordinance No. 440 Series of 886%TRUE
Ordinance No. 784 Series of 283%TRUE
Ordinance No. 581 Series of 644%TRUE
Ordinance No. 972 Series of 752%TRUE
Ordinance No. 376 Series of 474%TRUE
Ordinance No. 196 Series of 331%TRUE
Ordinance No. 559 Series of 796%TRUE
Ordinance No. 284 Series of 110%TRUE
Ord. No. 529, series of 140%FALSE
Ord. No. 827, series of 335%FALSE
Ord. No. 654, series of 968%FALSE
Ord. No. 402, series of 291%FALSE
Ord. No. 119, series of 405%FALSE
Ord. No. 915, series of 802%FALSE
Ord. No. 542, series of 723%FALSE
Ord. No. 856, series of 450%FALSE
Ord. No. 293, series of 576%FALSE
Ord. No. 718, series of 998%FALSE
ORDINANCE #645, SERIES OF 1802%FALSE
ORDINANCE #732, SERIES OF 1877%FALSE
ORDINANCE #289, SERIES OF 1665%FALSE
ORDINANCE #910, SERIES OF 1966%FALSE
ORDINANCE #76, SERIES OF 1715%FALSE
ORDINANCE #406, SERIES OF 1909%FALSE
ORDINANCE #223, SERIES OF 1587%FALSE
ORDINANCE #564, SERIES OF 1516%FALSE
ORDINANCE #339, SERIES OF 1922%FALSE
ORDINANCE #825, SERIES OF 1774%FALSE
Ordinance No. 972-, series of 433%FALSE
Ordinance No. 261-, series of 821%FALSE
Ordinance No. 144-, series of 379%FALSE
Ordinance No. 508-, series of 794%FALSE
Ordinance No. 629-, series of 192%FALSE
Ordinance No. 915-, series of 359%FALSE
Ordinance No. 402-, series of 578%FALSE
Ordinance No. 796-, series of 257%FALSE
Ordinance No. 108-, series of 906%FALSE
Ordinance No. 386-, series of 722%FALSE
Ordinance No. 921, ser. of 379%FALSE
Ordinance No. 124, ser. of 740%FALSE
Ordinance No. 867, ser. of 223%FALSE
Ordinance No. 298, ser. of 496%FALSE
Ordinance No. 712, ser. of 635%FALSE
Ordinance No. 518, ser. of 855%FALSE
Ordinance No. 144, ser. of 698%FALSE
Ordinance No. 669, ser. of 922%FALSE
Ordinance No. 230, ser. of 571%FALSE
Ordinance No. 917, ser. of 312%FALSE
Ord. No. 385, ser. of 703%FALSE
Ord. No. 755, ser. of 547%FALSE
Ord. No. 921, ser. of 412%FALSE
Ord. No. 487, ser. of 689%FALSE
Ord. No. 128, ser. of 998%FALSE
Ord. No. 663, ser. of 292%FALSE
Ord. No. 295, ser. of 531%FALSE
Ord. No. 546, ser. of 810%FALSE
Ord. No. 962, ser. of 174%FALSE
Ord. No. 202, ser. of 913%FALSE
Ordinance No. 513, series of #852%FALSE
Ordinance No. 790, series of #476%FALSE
Ordinance No. 267, series of #693%FALSE
Ordinance No. 936, series of #210%FALSE
Ordinance No. 420, series of #579%FALSE
Ordinance No. 171, series of #777%FALSE
Ordinance No. 677, series of #122%FALSE
Ordinance No. 390, series of #964%FALSE
Ordinance No. 834, series of #295%FALSE
Ordinance No. 119, series of #680%FALSE
Ordinance No. 291-981, series of 102%FALSE
Ordinance No. 501-883, series of 546%FALSE
Ordinance No. 667-148, series of 736%FALSE
Ordinance No. 221-437, series of 914%FALSE
Ordinance No. 422-694, series of 782%FALSE
Ordinance No. 746-617, series of 301%FALSE
Ordinance No. 950-841, series of 125%FALSE
Ordinance No. 880-118, series of 986%FALSE
Ordinance No. 383-200, series of 629%FALSE
Ordinance No. 966-491, series of 429%FALSE
Ordinance 2022-001%FALSE
Ordinance 2021-002%FALSE
Ordinance 2023-001%FALSE
Ordinance 2022-002%FALSE
Ordinance 2021-003%FALSE
Ordinance 2024-001%FALSE
Ordinance 2023-002%FALSE
Ordinance 2021-004%FALSE
Ordinance 2022-003%FALSE
Ordinance 2023-003%FALSE
Ordinance No. 587F, series of 2008%FALSE
Ordinance No. 94D, series of 1999%FALSE
Ordinance No. 782G, series of 1987%FALSE
Ordinance No. 19T, series of 2015%FALSE
Ordinance No. 623A, series of 1976%FALSE
Ordinance No. 405K, series of 2002%FALSE
Ordinance No. 91J, series of 1981%FALSE
Ordinance No. 500E, series of 1990%FALSE
Ordinance No. 77M, series of 1973%FALSE
Ordinance No. 222N, series of 2019%FALSE
Ord-MMXXII-V%FALSE
Ord-MMXXI-IV%FALSE
Ord-MMXXIII-II%FALSE
Ord-MMXXI-VIII%FALSE
Ord-MMXXIV-XI%FALSE
Ord-MMXXI-XIII%FALSE
Ord-MMXXII-I%FALSE
Ord-MMXXIII-VI%FALSE
Ord-MMXXI-XVII%FALSE
Ord-MMXXII-IX%FALSE
Ordinance No. 871%FALSE
Ordinance No. 226%FALSE
Ordinance No. 539%FALSE
Ordinance No. 1028%FALSE
Ordinance No. 413%FALSE
Ordinance No. 645%FALSE
Ordinance No. 972%FALSE
Ordinance No. 187%FALSE
Ordinance No. 780%FALSE
Ordinance No. 303%FALSE
ORDINANCE NO 87, SERIES OF 2024%FALSE
ORDINANCE NO 205, SERIES OF 2025%FALSE
ORDINANCE NO 12, SERIES OF 2023%FALSE
ORDINANCE NO 54, SERIES OF 2026%FALSE
ORDINANCE NO 112, SERIES OF 2027%FALSE
ORDINANCE NO 7, SERIES OF 2022%FALSE
ORDINANCE NO 301, SERIES OF 2028%FALSE
ORDINANCE NO 88, SERIES OF 2023%FALSE
ORDINANCE NO 45, SERIES OF 2024%FALSE
ORDINANCE NO 173, SERIES OF 2026%FALSE
ORDINANCE NO 324, SERIES OF 523%FALSE
ORDINANCE NO 234, SERIES OF 322%FALSE
ORDINANCE NO 443, SERIES OF 787%FALSE
ORDINANCE NO 199, SERIES OF 478%FALSE
ORDINANCE NO 750, SERIES OF 867%FALSE